tweet_id,locations
ID_1001154804658286592,orleans
ID_1001155505459486720,None
ID_1001155756371136512,None
ID_1001159445194399744,None
ID_1001164907587538944,governor
ID_1001178904617476096,as; .
ID_1001179909245587456,None
ID_1001180876548591616,None
ID_1001182906130280448,delegation
ID_1001185240256311296,officials
ID_1001192363719618560,None
ID_1001193418113118208,None
ID_1001199521228042240,None
ID_1001206304793296896,None
ID_1001209276826779648,flooding
ID_1001211097620369408,are
ID_1001212592868671488,national
ID_1001226873404379136,for
ID_1001231665606414336,None
ID_1001232053893988352,None
ID_1001236424891469824,None
ID_1001241227818405888,.
ID_1001243494701195264,None
ID_1001251398510612480,flooding
ID_1001269150600212480,top
ID_1001289525270757376,city
ID_1001289928385449984,None
ID_1001323647695507456,None
ID_1001336319732277248,None
ID_1001371607598878720,leaves
ID_1001376222251712512,flash
ID_1001387352542076928,an
ID_1001394889974743040,None
ID_1001409689974902784,None
ID_1001421891322695680,floods
ID_1001432796978667520,town
ID_1001446202796277760,suffered
ID_1001447886582960128,None
ID_1001448334773575680,None
ID_1001453284400484352,floods
ID_1001456447245336576,None
ID_1001460350691172352,None
ID_1001477538525331456,None
ID_1001482893028397056,flash
ID_1001498151981793280,flood; .
ID_1001506483849359360,##s; county
ID_1001508059829751808,None
ID_1001514373205151744,army
ID_1001514826198220800,None
ID_1001532394950877184,is
ID_1001568880941326336,None
ID_1001574904729350144,floods
ID_1001579615192846336,property
ID_1001703259265003520,flood
ID_1001720092722376704,mill
ID_1001821646007697408,were
ID_1001835900400218112,None
ID_1001844796875530240,","
ID_1001863567241613312,None
ID_1001879962394050560,floods
ID_1002189162412376064,weather
ID_1002208017083969536,None
ID_1002279312312229888,None
ID_1002279603241615360,evacuation
ID_1002297742004285440,counties; are
ID_1002537368207986688,army; floods
ID_1002872971277553664,None
ID_1002964603213496320,None
ID_1002978325269286912,1
ID_1003648875402547200,news
ID_1003861851115941888,None
ID_1004035240384499712,1
ID_1004054229462503424,None
ID_1021700755617656832,None
ID_1021707450230161408,fire
ID_1021722772849020928,None
ID_1021722786316935168,None
ID_1021726922387189760,wild; issues
ID_1021727469555146752,None
ID_1021728992666312704,fire
ID_1021729339451289600,None
ID_1021730969617936384,wild
ID_1021735975863689216,None
ID_1021739031426727936,None
ID_1021741722815143936,None
ID_1021743779257217024,None
ID_1021744433509933056,wild
ID_1021749465579970560,None
ID_1021749744262160384,None
ID_1021750356877946880,None
ID_1021760111520489472,None
ID_1021762270253199360,None
ID_1021764703935188992,wild
ID_1021765598831960064,wild
ID_1021765968039735296,None
ID_1021767461149044736,None
ID_1021768115112370176,wild
ID_1021768291235385344,None
ID_1021771133379600384,None
ID_1021774190263844864,wild
ID_1021775991432273920,is
ID_1021782292971368448,None
ID_1021787547721187328,None
ID_1021787682677112832,None
ID_1021796962851598336,wild
ID_1021797088617816064,None
ID_1021799419681878016,##ina
ID_1021818401268936704,None
ID_1021819738291425280,None
ID_1021822509505802240,is
ID_1021823520173699072,None
ID_1021830423146622976,None
ID_1021837585780498432,None
ID_1021841893179760640,None
ID_1021843055756959744,by
ID_1021845215785754624,None
ID_1021857683438284800,None
ID_1021859768841986048,None
ID_1021860654033104896,None
ID_1021860820630884352,None
ID_1021861976484573184,None
ID_1021874833204891648,None
ID_1021888418228445184,since
ID_1021888772785561600,None
ID_1021905507014111232,None
ID_1021906800201883648,None
ID_1021909352247115776,None
ID_1021943095800356864,","
ID_1021993240474669056,pledge
ID_1022018968503107584,None
ID_1022022067397509120,None
ID_1022025636230168576,wild
ID_1022042144087912448,None
ID_1022048431072862208,according
ID_1022048685369319424,None
ID_1022052815122952192,None
ID_1022061287960977408,None
ID_1022074062066081792,None
ID_1022074311685877760,wild
ID_1022076968286789632,None
ID_1022078727822422016,None
ID_1022099514021367808,are
ID_1022101810461519872,wild
ID_1022102229271109632,None
ID_1022102900800217088,None
ID_1022114377976176640,wild
ID_1022121627700604928,None
ID_1022137480903045120,None
ID_1022138375590080512,None
ID_1022145829107388416,None
ID_1022163300723949568,None
ID_1022166211927449600,None
ID_1022167215309836288,None
ID_1022207860128866304,via
ID_1022215095785582592,None
ID_1022220222466600960,None
ID_1022233104038223872,None
ID_1022240513607524352,None
ID_1022242256894537728,None
ID_1022259118638342144,None
ID_1022266107045003264,None
ID_1022279102068391936,##sies
ID_1022294209116741632,wild
ID_1022365892582301696,wild; .
ID_1022370199855620096,None
ID_1022371018768375808,None
ID_1022378274909970432,None
ID_1022434022977413120,None
ID_1022434120000065536,burned
ID_1022438756891148288,None
ID_1022461309324079104,None
ID_1022469157428908032,None
ID_1022472933908930560,found
ID_1022508229631324160,c
ID_1022517049476767744,None
ID_1022559822456258560,None
ID_1022574229013848064,None
ID_1022576581246640128,inched
ID_1022580641479778304,None
ID_1022612558405087232,None
ID_1022613566657122304,None
ID_1022779648122466304,None
ID_1022801548089466880,None
ID_1022802090211651584,donated
ID_1022821632329633792,None
ID_1022826065398521856,None
ID_1022892578054787072,##i
ID_1022912729374437376,None
ID_1022919610860019712,None
ID_1022940890174840832,","
ID_1022966510602670080,wild; !
ID_1022968008598347776,please
ID_1022968849694633984,None
ID_1023098760572923904,None
ID_1023109807258128384,None
ID_1023111663611011072,None
ID_1023165657465217024,None
ID_1023172842484051968,wild
ID_1023196514242445312,None
ID_1023255494385967104,None
ID_1023255830723014656,wild
ID_1023273626588643328,!
ID_1023284608471912448,None
ID_1023296495896993792,began
ID_1023297525351149568,None
ID_1023299765377933312,None
ID_1023439251655077888,None
ID_1023597514665152512,None
ID_1023621815447564288,None
ID_1023682214104584192,wild
ID_1023739545878228992,None
ID_1023874745157083136,None
ID_1023969388091912192,None
ID_1024151199937900544,None
ID_1024156657826390016,None
ID_1024170369375199232,None
ID_1024256164635262976,None
ID_1024257445990944768,None
ID_1024266991379599360,wild
ID_1024726142891290624,wild
ID_1025187487700934656,greek
ID_1025539071009906688,None
ID_1025569659809083392,wild
ID_1025811998255337472,that
ID_1026281552601395200,None
ID_1027374598222958592,None
ID_1027868512457580544,","
ID_1028212025221103616,None
ID_1028234340474515456,None
ID_1028319339420819456,None
ID_1028556269530095616,None
ID_1029201081312657408,None
ID_1029442958599311360,None
ID_1029497768438587392,None
ID_1030384006641082368,None
ID_1030390856786763776,suffer
ID_1030391377585008640,down
ID_1030395234222407680,None
ID_1030396033740636160,None
ID_1030396263991193600,in; ##s
ID_1030400069516767232,has; fm
ID_1030400872478519296,None
ID_1030405122872893440,who
ID_1030412580182020096,##s
ID_1030413084530114560,district; ##ru
ID_1030415863311003648,##s
ID_1030618258108366848,None
ID_1030714396027367424,cm
ID_1030719115848167424,","
ID_1030719857447206912,None
ID_1030723616487292928,via
ID_1030730701157490688,None
ID_1030736110694158336,None
ID_1030739855897255936,None
ID_1030740612587315200,None
ID_1030740752697946112,None
ID_1030744784170713088,None
ID_1030750137608482816,.
ID_1030751677618384896,##ba
ID_1030756151330320384,None
ID_1030761481527275520,None
ID_1030767692846780416,floods; flood
ID_1030778998643728384,None
ID_1030779030067441664,##va
ID_1030785952963121152,.; flood
ID_1030793956831911936,None
ID_1030801702755004416,to
ID_1030821624390373376,None
ID_1030822509195743232,is
ID_1030834611851612160,None
ID_1030843777177591808,re; need
ID_1030847037741453312,##kar
ID_1030847703305998336,None
ID_1030848115450900480,is; and; relief
ID_1030875655754285056,relief
ID_1030876594439475200,None
ID_1030876806662959104,None
ID_1030889417282650112,None
ID_1030902593466167296,None
ID_1030948748506161152,flood; off; news
ID_1030965090382753792,flood
ID_1030975134318977024,chief
ID_1030984222759165952,None
ID_1030990647816151040,None
ID_1031032542122598400,None
ID_1031045983747096576,##pp
ID_1031046402879709184,.
ID_1031047154381533184,always
ID_1031047442341482496,with
ID_1031058768514220032,None
ID_1031059089621536768,.; in
ID_1031059583966445568,are
ID_1031067487218098176,None
ID_1031071785616203776,chief
ID_1031082208822476800,for
ID_1031082800458461184,from
ID_1031093958091268096,None
ID_1031106546472648704,None
ID_1031117761127149568,None
ID_1031221022505283584,None
ID_1031380345793466368,None
ID_1031398750604935168,None
ID_1031422868062707712,None
ID_1031436382525382656,people
ID_1031445863116111872,None
ID_1031451218005184512,None
ID_1031476760037081088,##u
ID_1031500685420965888,##fl
ID_1031500990275567616,ω
ID_1031516946746028032,flood
ID_1031517191122767872,None
ID_1031520557064486912,which
ID_1031530674707152896,None
ID_1031532631861747712,None
ID_1031552407942119424,.
ID_1031578576162709504,None
ID_1031588197963247616,online
ID_1031734975350091776,None
ID_1031770111332372480,give
ID_1031800864585998336,is
ID_1031814520849752064,None
ID_1031850598369386496,food
ID_1032065411985039360,None
ID_1032105787152187392,None
ID_1032110310469984256,.
ID_1032133016594915328,death; ##s
ID_1032134106639814656,None
ID_1032135241714917376,None
ID_1032171086467788800,.
ID_1032171427535806464,None
ID_1032183167430615040,.
ID_1032202248284041216,##wa; relief
ID_1032217844015083520,None
ID_1032219887530328064,None
ID_1032223763654475776,flood
ID_1032259281389801472,helping
ID_1032289123078303744,None
ID_1032289914279288832,flood
ID_1032299744763076608,flood
ID_1032311743702228992,muslim
ID_1032334899418673152,cm
ID_1032452390233022464,ref
ID_1032459311497142272,None
ID_1032461898933923840,None
ID_1032485001160470528,needs; cm; .
ID_1032490326605398016,None
ID_1032529637631438848,##ak
ID_1032542893913853952,None
ID_1032544277115559936,None
ID_1032595530776342528,to
ID_1032595864366108672,None
ID_1032618019908771840,None
ID_1032627122223898624,flood
ID_1032628371119697920,are
ID_1032628429630435328,flood
ID_1032640276609658880,cm
ID_1032647125304111104,","
ID_1032648125981253632,None
ID_1032650789985038336,?
ID_1032685880383819776,##s
ID_1032881461962010624,govt
ID_1032923987913986048,None
ID_1032953187211390976,is
ID_1032981008591740928,##s; food
ID_1032998261961846784,.; denies; ra
ID_1033086560282001408,floods
ID_1033164122488221696,citing
ID_1033166927412092928,None
ID_1033186117908983808,is
ID_1033187066245349376,flood
ID_1033190983544975360,aid
ID_1033190998782836736,donate
ID_1033209292034203648,emirates; flood
ID_1033212934061678592,None
ID_1033247149859823616,None
ID_1033255878693138432,.
ID_1033292762186047488,flood
ID_1033320671546200064,chief
ID_1033543172687708160,None
ID_1033634181505462272,floods
ID_1033750841545523200,floods
ID_1033771250269573120,is
ID_1033771872729485312,"needs; ,; have; chief"
ID_1033929240318595072,None
ID_1033963616888860672,gets
ID_1033964955576483840,None
ID_1033968412387491840,.; .; ω
ID_1034011402422439936,##s
ID_1034143982278696960,None
ID_1034353316581392384,None
ID_1034409416936710144,flood
ID_1034411434673721344,medical
ID_1034629170788163584,flood; .
ID_1034649657677307904,rehabilitation
ID_1034680820051599360,##cs
ID_1034702985480339456,relief
ID_1034706014149533696,volunteers
ID_1034706613435740160,flood
ID_1034764901611233280,"a; ,"
ID_1034789959805235200,None
ID_1034869460405039104,residents
ID_1035027299093991424,.
ID_1035080657251311616,monsoon
ID_1035081656829263872,"floods; ,"
ID_1035113785525039104,flood
ID_1035170415721603072,None
ID_1035348145079607296,affected
ID_1035349202451148800,None
ID_1035377623176757248,relief
ID_1035431851295309824,##du; ##ry; .
ID_1035442872286359552,None
ID_1035453048259268608,None
ID_1035467291276836864,is
ID_1035542759778603008,flood
ID_1035545951912378368,None
ID_1035552496255557632,flood
ID_1035817903138910208,##yar
ID_1035851650408243200,None
ID_1036243214859026432,flies
ID_1037034346723438592,during
ID_1037225451247357952,may
ID_1037302229219176448,None
ID_1037322050698915840,None
ID_1037567855112474624,floods
ID_1038065842343165952,None
ID_1039050182367764480,after
ID_1039398873465217024,carolina and
ID_1039399783180328960,None
ID_1039400778958426112,coast
ID_1039405953244954624,##s
ID_1039406925295874048,is
ID_1039410457197535232,carolina coastline
ID_1039425818475331584,None
ID_1039439670193651712,coast
ID_1039441821171101696,None
ID_1039445510359212032,gov
ID_1039449269676240896,##s pbs
ID_1039450679729905664,hurricane
ID_1039462262128500736,None
ID_1039465819653189632,carolina is
ID_1039485785278439424,eye
ID_1039487196347150336,##an; ##an
ID_1039492376669114368,humane
ID_1039492607334932480,coast
ID_1039499856656719872,coast
ID_1039505494094667776,##s
ID_1039506203452350464,None
ID_1039506672652189696,None
ID_1039506952659730432,as
ID_1039513592171704320,None
ID_1039517994915950592,to
ID_1039531845443051520,None
ID_1039532417512603648,hits
ID_1039532518020706304,is
ID_1039538555637391360,","
ID_1039539233709535232,task
ID_1039540088428847104,None
ID_1039545608284057600,". s . ,"
ID_1039546242542522368,fire
ID_1039546587524091904,##master
ID_1039552912375119872,carolina .; motor
ID_1039553399316836352,None
ID_1039559301189304320,None
ID_1039564810650836992,carolina ##s
ID_1039565048056868864,",; . c . declares"
ID_1039565473103392768,None
ID_1039574723976409088,county fire
ID_1039575048149815296,highway
ID_1039575469505605632,motor speedway welcome
ID_1039584053903732736,coast .
ID_1039594978823950336,carolina is
ID_1039595251063840768,##s
ID_1039834031095836672,##s
ID_1039834360206307328,.
ID_1039834805465231360,and
ID_1039866267480584192,national
ID_1039869236951347200,##tte
ID_1039888525594972160,##are ##e national park will
ID_1039898974621032448,york air
ID_1039899745085534208,york mob
ID_1039900699935604736,None
ID_1039909423295156224,None
ID_1039910866085466112,rico due
ID_1039919694550106112,nc are
ID_1039919893431414784,None
ID_1039919939317129216,and; carolina ahead
ID_1039920217030369280,coastal
ID_1039921668246974464,None
ID_1039921948699111424,##s in
ID_1039922396428414976,update; ##s; but
ID_1040142700102774784,##s
ID_1040146718975713280,or; c
ID_1040195140521009152,None
ID_1040195299438936064,None
ID_1040327443536662528,county
ID_1040545565334007808,pd
ID_1040545883237085184,None
ID_1040546396640890880,None
ID_1040547716370231296,##s
ID_1040550452968906752,county emergency
ID_1040551281989955584,carolina to
ID_1040551925882789888,None
ID_1040553121649324032,None
ID_1040553385320243200,carolina officials
ID_1040553821498425344,##s via
ID_1040555080221638656,None
ID_1040613767040647168,None
ID_1040659840027308032,None
ID_1040667229875003392,None
ID_1040708112368521216,carolina .
ID_1040708986352410624,valley
ID_1040944644450865152,None
ID_1041024511800500224,","
ID_1041211282177896448,None
ID_1041216251639554048,##s death
ID_1041217692949204992,None
ID_1041220553535840256,hornets
ID_1041232582762004480,is
ID_1041262998122319872,county
ID_1041267836293771264,##s
ID_1041268596893200384,fear; ##tte
ID_1041274587365994496,None
ID_1041275763637592064,carolina as
ID_1041276998629445632,eva
ID_1041283224603947008,##s
ID_1041284201126002688,None
ID_1041336127309996032,law
ID_1041402049429204992,None
ID_1041409621024333824,None
ID_1041413600861052928,brunswick
ID_1041427122366107648,None
ID_1041484547400130560,None
ID_1041490705116549120,post
ID_1041504888415563776,##pee
ID_1041574792758009856,None
ID_1041577775067348992,None
ID_1041578034900492288,carolina city
ID_1041582624823799808,coast
ID_1041591040036298752,None
ID_1041599955708850176,rises
ID_1041610020205543424,##s; sc please
ID_1041612348337868800,affected
ID_1041624448204517376,carolina after
ID_1041625559388901376,"##ville ,"
ID_1041627813202354176,"##plin county ,"
ID_1041627888875909120,. c . and
ID_1041628642219106304,county showing; hill
ID_1041630356338864128,storm
ID_1041635465366003712,carolina alpha
ID_1041635990748753920,"bern ,"
ID_1041694221391077376,None
ID_1041776844444520448,carolina
ID_1041794673180860416,recovery
ID_1041931741274038272,who
ID_1041979560072540160,None
ID_1041980635164880896,"carolina rivers; carolina ,"
ID_1041995017399795712,None
ID_1042005422792691712,carolina for
ID_1042006783957577728,beach resort
ID_1042007887047008256,carolina .
ID_1042009850627149824,##s .; ##s w
ID_1042011800492040192,##are
ID_1042020254292029440,rocky river gauge
ID_1042024580003651584,None
ID_1042025179810017280,##rry
ID_1042025847253868544,army
ID_1042025900345315328,None
ID_1042026219498340352,None
ID_1042046799572332544,None
ID_1042047009040031744,victims
ID_1042048936285036544,.
ID_1042055838096080896,area
ID_1042056866283618304,victims
ID_1042058989045993472,None
ID_1042059871087194112,during; on; state
ID_1042060491416383488,county; county
ID_1042062203984273408,from
ID_1042063000260227072,None
ID_1042191111752769536,None
ID_1061150344103653376,wild; wild
ID_1061157427431694336,coast
ID_1061178593043111936,None
ID_1061179068048179200,##s
ID_1061180173259759616,##s; bee
ID_1061259573250719744,fires
ID_1061264098120396800,wild
ID_1061295892647632896,are
ID_1061306476562546688,wild
ID_1061314021981413376,None
ID_1061320150849249280,",; 1"
ID_1061321072627245056,.
ID_1061321216609447936,.
ID_1061325222140231680,",; history"
ID_1061334173334437888,wild
ID_1061336107357372416,None
ID_1061353473705275392,None
ID_1061356560587411456,blaze; wild
ID_1061357521519157248,threatened; has
ID_1061374958553620480,hills; oaks
ID_1061384727427350528,##s
ID_1061385768311156736,wild
ID_1061394323621720064,wild
ID_1061415946055634944,fires
ID_1061419117062864896,",; oaks"
ID_1061443221463752704,has
ID_1061444164318101504,##s
ID_1061458008218181632,in
ID_1061462315114131456,wild
ID_1061462632849440768,history
ID_1061467521570783232,fires
ID_1061529129164648448,wild
ID_1061531144343183360,","
ID_1061575300935487488,None
ID_1061592393223430144,fire
ID_1061617017566969856,wild
ID_1061621154211921920,##s
ID_1061625923433324544,history
ID_1061672925038870528,##s; county
ID_1061693662424264704,ana
ID_1061702506978426880,wild
ID_1061702809932840960,None
ID_1061704846586212352,have
ID_1061706199467507712,fires
ID_1061711549591678976,.
ID_1061828954003259392,fires
ID_1061981746252705792,wild
ID_1061985574230376448,wild
ID_1062001032874680320,.
ID_1062006674926526464,have
ID_1062029955532537856,wild
ID_1062038799759302656,wild
ID_1062072788138242048,wild
ID_1062102885545230336,wild
ID_1062111229840367616,residents
ID_1062115991319126016,fires
ID_1062121598319239168,",; ."
ID_1062131480124710912,fires
ID_1062188040272166912,county
ID_1062190750669127680,None
ID_1062209016531730432,wild; ##if
ID_1062215807982170112,wild
ID_1062295254848684032,wild
ID_1062336869369868288,.
ID_1062341826441605120,officials
ID_1062351893060558848,None
ID_1062378787311157248,county; with
ID_1062380707324977152,wild
ID_1062383642524045312,need
ID_1062402896539529216,##if .; wild
ID_1062412313339277312,news
ID_1062460790475763712,None
ID_1062472925750546432,fires
ID_1062614499876921344,wild
ID_1062621856736276480,hey
ID_1062622352687558656,restaurant
ID_1062622994982412288,nurse
ID_1062643555678720000,fires
ID_1062712166128660480,##s
ID_1062774140313059328,.
ID_1062789360343531520,camp
ID_1062821015758098432,","
ID_1062843866208862208,None
ID_1062849977490100224,fires
ID_1062854953600016384,##s
ID_1062896805912834048,",; ##if .; wild"
ID_1062899387423178752,##s
ID_1063075743859650560,fires
ID_1063117071368810496,fires
ID_1063122963246075904,county
ID_1063126658557923328,camp
ID_1063134544835043328,None
ID_1063137464624144384,town
ID_1063173292851372032,None
ID_1063183787272650752,##s; and; via
ID_1063198915451736064,oaks
ID_1063270482206691328,##s
ID_1063276090171551744,wild
ID_1063277793910362112,wild
ID_1063288486705410048,fires
ID_1063375172718264320,has
ID_1063424559590850560,wild
ID_1063435363438481408,from
ID_1063456902389030912,fires
ID_1063534818439376896,history
ID_1063611471081426944,.; wild
ID_1063676309723901952,.
ID_1063925914503954432,None
ID_1063986582900932608,county via
ID_1064005917258199040,##s
ID_1064117335433322496,bar
ID_1064156771755982848,None
ID_1064159371834220544,wild
ID_1064173412145344512,fire
ID_1064182822422937600,##s; county
ID_1064217319583465472,##ma
ID_1064232356897280000,","
ID_1064294371825254400,death
ID_1064326377506304000,wild
ID_1064327300974559232,None
ID_1064370128635056128,None
ID_1064388678250725376,##s
ID_1064448176453808128,wild
ID_1064490832743419904,wild
ID_1064491487902224384,##mart
ID_1064503989172097024,wild
ID_1064569698459762688,fires
ID_1064571828100833280,None
ID_1064598368813494272,wild
ID_1064631034392657920,##s
ID_1064632328536899584,.
ID_1064639756795994112,None
ID_1064652556784320512,None
ID_1064694673682325504,fires
ID_1064794508485951488,to
ID_1064813598684278784,county; history
ID_1064905912283000832,angeles
ID_1064936029369614336,None
ID_1064946513921609728,fires
ID_1064947534140006400,wild
ID_1064957457225535488,wild
ID_1064998221804707840,fires
ID_1065015446368395264,go
ID_1065020021662015488,angeles; wild
ID_1065026972928098304,fires
ID_1065032640208621568,.
ID_1065147339244007424,##s
ID_1065179327006998528,.
ID_1065190250828439552,None
ID_1065219025863626752,damages
ID_1065237400312520704,?
ID_1065249109337088000,wild
ID_1065260283357212672,wild
ID_1065266258902433792,##s
ID_1065267618544852992,wild
ID_1065269685229363200,area residents
ID_1065270397313212416,needs; wild
ID_1065287266921340928,fire
ID_1065287673433092096,county firefighters
ID_1065297282550120448,wild
ID_1065306507539959808,wild
ID_1065309299327537152,##s
ID_1065318607809363968,wild
ID_1065321362582061056,wild
ID_1065341658332573696,##s; history
ID_1065343341674590208,county blaze
ID_1065345843790786560,wild; .
ID_1065352703184912384,wild
ID_1065356055511613440,businesses
ID_1065367232795066368,","
ID_1065371575484997632,.
ID_1065374281696202752,None
ID_1065382748037279744,friends
ID_1065398080785199104,peak
ID_1065423418693054464,find
ID_1065423746448666624,fire
ID_1065436322901352448,wild
ID_1065437909405306880,wild; .
ID_1065452478794264576,None
ID_1065460848922058752,##s; rec
ID_1065477089346895872,wild
ID_1065482587882176512,None
ID_1065607175505100800,wild
ID_1065613629461020672,firefighters
ID_1065641907202646016,fire
ID_1065644744964014080,wild
ID_1065651388401819648,wild
ID_1065682192507052032,wild
ID_1065688359950082048,","
ID_1065702928424542208,fires
ID_1065760374287462400,fires
ID_1065763811095965696,wild
ID_1065975922107531264,out
ID_1066046565293285376,None
ID_1066359737036337152,!
ID_1066516529066463232,single
ID_1066633136497405952,fire
ID_1066836137409478656,.
ID_1066842651658379264,wild
ID_1066854298418651136,##ns
ID_1067054704889339904,None
ID_1067106984653217792,##s
ID_1067184052254453760,","
ID_1067420649935724544,fires
ID_1068966850858430464,##s; resident
ID_1070018383037399040,county
ID_1070201070117253120,county revised
ID_1106492477043867648,","
ID_1106495942847614976,None
ID_1106635576218918912,province
ID_1106639626872279040,None
ID_1106673127130583040,None
ID_1106813189499600896,None
ID_1106814374398881792,None
ID_1106881628855549952,","
ID_1106941332558217216,None
ID_1106956296031518720,##mani
ID_1106958884923686912,None
ID_1106983475649961984,","
ID_1107001395134255104,None
ID_1107012567145287680,.
ID_1107018356077576192,None
ID_1107077598595739648,None
ID_1107114541035540480,None
ID_1107128825220075520,None
ID_1107142971185659904,None
ID_1107165727931404288,2
ID_1107185981155934208,zimbabwe
ID_1107194651411398656,None
ID_1107241345758965760,None
ID_1107262903072243712,None
ID_1107270231238590464,and; david
ID_1107296725935505408,##mani
ID_1107307518609498112,None
ID_1107329569365712896,None
ID_1107353602434183168,None
ID_1107374941450784768,and
ID_1107398816121217024,None
ID_1107467668263714816,the; ##zi
ID_1107640570925776896,None
ID_1107651624825208832,##s
ID_1107679247840219136,stands
ID_1107685045714776064,None
ID_1107708876521115648,national
ID_1107747256885825536,has
ID_1107756443774668800,None
ID_1107866248573005824,None
ID_1107899480211419136,None
ID_1107902427360083968,None
ID_1107913941160771584,is
ID_1107916246417317888,##mani
ID_1107919834694778880,None
ID_1107950818177806336,None
ID_1107960709349019648,None
ID_1107966239455019008,None
ID_1107966753043300352,None
ID_1107980955569045504,what
ID_1107985042326908928,end
ID_1107989773787037696,"##ra; ,"
ID_1108005969135616000,##mis; ##nd
ID_1108010538632658944,None
ID_1108030839407947776,##io
ID_1108053846612459520,","
ID_1108068871813193728,",; handed"
ID_1108126634643738624,","
ID_1108129902115647488,.
ID_1108139346262151168,None
ID_1108160909980196864,##nd cry
ID_1108164200344498176,None
ID_1108227041126727680,to
ID_1108249123461967872,None
ID_1108271160507228160,None
ID_1108299359769235456,None
ID_1108312861057732608,working
ID_1108313050904432640,","
ID_1108347145629954048,##ra
ID_1108353061792157696,",; return"
ID_1108353547052158976,None
ID_1108381764777639936,.; have
ID_1108382742780231680,None
ID_1108393260932874240,.
ID_1108403742578262016,None
ID_1108410069656453120,None
ID_1108410194197790720,survivors
ID_1108410706775416832,None
ID_1108411619099529216,president
ID_1108426881731387392,None
ID_1108430719439826944,None
ID_1108574058088747008,",; cyclone"
ID_1108620374093123584,##la in
ID_1108634513398263808,my
ID_1108645096378036224,##nd including; ##mani
ID_1108659050877734912,province
ID_1108667868118425600,##ra; under
ID_1108682359837286400,is
ID_1108700384019787776,through
ID_1108722187803000832,None
ID_1108730821857476608,##nd
ID_1108757047741480960,already
ID_1108786037264920576,.
ID_1108822588061560832,None
ID_1108827854006030336,None
ID_1108860656294477824,None
ID_1108967792890413056,.
ID_1109040666712199168,None
ID_1109063885632483328,##me
ID_1109074720396333056,None
ID_1109077432257167360,None
ID_1109088149182009344,##mo; ##ra
ID_1109088313435148288,None
ID_1109093641925128192,by
ID_1109105128714305536,to
ID_1109116359101820928,None
ID_1109119995282378752,##nd today
ID_1109130914284609536,None
ID_1109147489838485504,None
ID_1109192273215008768,##s
ID_1109343705138376704,africa
ID_1109362295724040192,fc
ID_1109390403353096192,None
ID_1109448383067054080,.
ID_1109539570087952384,online
ID_1109553711737651200,need
ID_1109571047286849536,None
ID_1109635821005619200,None
ID_1109723474564734976,None
ID_1109734927296282624,None
ID_1109767619257794560,None
ID_1109835139499151360,##ra
ID_1109838422099804160,None
ID_1110037640806567936,None
ID_1110103073647742976,None
ID_1110191088973869056,None
ID_1110200010157842432,None
ID_1110234432261316608,None
ID_1110237231502057472,None
ID_1110241642798301184,.
ID_1110255893084626944,devastated
ID_1110261532250783744,None
ID_1110267333522669568,None
ID_1110268446913097728,are; ##ns
ID_1110269535297384448,natural
ID_1110274609755099136,im
ID_1110276926076260352,flood
ID_1110287422020042752,flood
ID_1110319732320800768,ο
ID_1110320044469161984,cattle; cattle
ID_1110324919332687872,flood
ID_1110326051337465856,real
ID_1110337067567988736,livestock
ID_1110369921345744896,.
ID_1110388411389657088,legislature
ID_1110398367299964928,None
ID_1110399168806182912,flooding
ID_1110406752208670720,.
ID_1110432225739329536,farmers
ID_1110451589091737600,roads
ID_1110451733845688320,##ra; ##ra
ID_1110459900700823552,have
ID_1110489606078763008,None
ID_1110493647756234752,say
ID_1110495625534160896,one
ID_1110506507018424320,None
ID_1110508333180616704,None
ID_1110523743208697856,flood
ID_1110528045000155136,None
ID_1110529869392302080,flood
ID_1110534266180509696,damage
ID_1110537889190825984,.
ID_1110540805951893504,thanks
ID_1110545301012729856,has
ID_1110550619927076864,.
ID_1110555789633179648,just
ID_1110558626945617920,.; flood
ID_1110562626268913664,farm
ID_1110591964142026752,None
ID_1110593000797814784,flooding
ID_1110623374005415936,","
ID_1110623574140829696,have
ID_1110628888382750720,None
ID_1110634537871130624,world
ID_1110634769019211776,to
ID_1110636632347197440,with
ID_1110653075285372928,and; .
ID_1110656778113560576,.
ID_1110662275810103296,families
ID_1110662851037982720,and
ID_1110679496817029120,that
ID_1110685420466171904,that
ID_1110687429839732736,county
ID_1110698815298768896,and; fi
ID_1110708013244055552,nurse; for
ID_1110709311049793536,flood
ID_1110711571834130432,","
ID_1110748157955194880,##ern
ID_1110752661266149376,and; credit
ID_1110761462513963008,None
ID_1110800449580515328,None
ID_1110815958778691584,after
ID_1110827008827817984,##mani
ID_1110838738383446016,##mani
ID_1110851006802337792,None
ID_1110854432621649920,.
ID_1110867778532200448,##inge
ID_1110874468728094720,statewide
ID_1110892108196515840,None
ID_1110896607841714176,.
ID_1110900286455988224,##s
ID_1110904860390625280,today
ID_1110907970655797248,statewide
ID_1110910628154273792,.
ID_1110919594116562944,flood
ID_1110921308831969280,and; on
ID_1110924886564921344,None
ID_1110925776424177664,None
ID_1110931552945475584,severe
ID_1110934769997615104,flood
ID_1110949565694398464,None
ID_1110950506116116480,.
ID_1110964383478353920,cattle
ID_1110973702852759552,16
ID_1110982610401050624,None
ID_1110983456299929600,##ne
ID_1110987347343130624,cyclone
ID_1110992719302795264,None
ID_1110997301152100352,##ne
ID_1111005776255033344,None
ID_1111017663470424064,floods
ID_1111020236201811968,None
ID_1111021202942902272,severe
ID_1111025112453517312,island for
ID_1111035671207124992,and; .
ID_1111049207245361152,and
ID_1111058651668570112,None
ID_1111062307784847360,flood
ID_1111069061973196800,flood
ID_1111075714449788928,?
ID_1111081920719400960,None
ID_1111084281600921600,has
ID_1111098977007611904,and; and
ID_1111105407714500608,.
ID_1111115904560103424,so
ID_1111162425225691136,goal
ID_1111181125702037504,latest
ID_1111181169335435264,##alo
ID_1111248757230845952,!
ID_1111259557970485248,and; county
ID_1111260768127852544,##cala
ID_1111271521216090112,.
ID_1111273486553620480,and
ID_1111288037802045440,None
ID_1111289542718287872,2019
ID_1111289872277520384,","
ID_1111296325910437888,","
ID_1111298048330747904,flood
ID_1111299398598828032,is; 1
ID_1111313135120642048,by
ID_1111324725597360128,were
ID_1111325243430354944,and
ID_1111326686493200384,i
ID_1111340334456422400,None
ID_1111350937468186624,floods
ID_1111352349916884992,None
ID_1111374905763729408,!; after; !
ID_1111388023847936000,farmers; now
ID_1111402767698915328,running
ID_1111405122444120064,love
ID_1111406959150792704,needs; needs
ID_1111413201755791360,city; street
ID_1111414506792452096,flood
ID_1111448254590390272,strong; .
ID_1111454417583329280,to
ID_1111470401652174848,None
ID_1111506654900772864,##mani
ID_1111534949604229120,##nu; ##s
ID_1111537198770343936,None
ID_1111560633743482880,farmers
ID_1111577365489111040,100
ID_1111596796881571840,None
ID_1111636612927180800,floods
ID_1111644782621851648,until
ID_1111660735044743168,and; .; and; american
ID_1111662082188038144,None
ID_1111679998161756160,##ra
ID_1111704284297613312,are; strong
ID_1111707512166846464,.
ID_1111709190798610432,##mani
ID_1111709761475670016,.
ID_1111719290334519296,farmers; farmers
ID_1111719447419670528,.
ID_1111737961681293312,labor
ID_1111740623051243520,None
ID_1111765210006728704,and
ID_1111770119217262592,today
ID_1111795632656838656,recovery
ID_1111799411552718848,.
ID_1111810302474096640,None
ID_1111813790973263872,strong; !
ID_1111829396128702464,will
ID_1111839710694068224,None
ID_1111847935225065472,None
ID_1111857411919212544,click
ID_1111863460680384512,gov
ID_1111863697700462592,None
ID_1111867528765153280,None
ID_1111943169913036800,##ra
ID_1111953781095313408,None
ID_1111969851109769216,","
ID_1111975059764199424,None
ID_1112003162884456448,##ra
ID_1112021987487088640,None
ID_1112044766089367552,None
ID_1112044845403648000,None
ID_1112046904844697600,and; via
ID_1112087996399005696,!
ID_1112106054630993920,and; yesterday
ID_1112110087542398976,relief
ID_1112125568810659840,was
ID_1112157147465281536,.; dept
ID_1112186396733784064,and; this
ID_1112267276257030144,and
ID_1112311360577290240,farmers; flood
ID_1112375310568218624,","
ID_1112406505955852288,##s
ID_1112430775666769920,None
ID_1112441785073176576,to
ID_1112460468814258176,##s
ID_1112460938710532096,None
ID_1112503493594673152,and
ID_1112516852041895936,.
ID_1112525786467061760,farmers
ID_1112583005279842304,carrying; saturday
ID_1112693479749140480,flood
ID_1112727353191469056,flood
ID_1112746190683164672,floods
ID_1112750977461952512,dakota ag; flood
ID_1112762371502682112,##so; red
ID_1112784034382446592,flood
ID_1112785484105895936,.
ID_1112791444048080896,to; ne
ID_1112794114985222144,None
ID_1112800732531625984,flood
ID_1112819654018228224,and
ID_1112831621017763840,to; recover
ID_1112859212936372224,","
ID_1112862489631473664,None
ID_1112885082820407296,today
ID_1112896253384450048,. s; .
ID_1112919949989855232,state; strong
ID_1112991839605460992,in
ID_1113027014930432000,None
ID_1113041587272142848,football
ID_1113062758285635584,##mani
ID_1113067412276957184,the
ID_1113067545416826880,None
ID_1113068685189476352,None
ID_1113068931361763328,athletic; .; hu
ID_1113077457194815488,hospital
ID_1113090895690321920,.
ID_1113101318447685632,medicine
ID_1113101356523511808,and; .
ID_1113106595720835072,None
ID_1113108646626541568,flood
ID_1113133240825524224,that
ID_1113134658621988864,crisis
ID_1113138512398876672,None
ID_1113152518069080064,"##ra; ,"
ID_1113161174810423296,counties
ID_1113165210846674944,landowners
ID_1113167777236434944,farm
ID_1113173811543801856,and; county
ID_1113228967467790336,None
ID_1113232115817111552,flood
ID_1113240575065640960,woman
ID_1113327371640352768,##mani
ID_1113361588545826816,city .
ID_1113386979025145856,so
ID_1113439564486647808,None
ID_1113457031997005824,.; ##mani
ID_1113492622436335616,woman
ID_1115912220695777280,None
ID_1115969186671538176,None
ID_1116118304295247872,None
ID_1116594693712662528,and; is
ID_1117066255482093568,None
ID_1117176535444860928,##id
ID_1117774372977152000,None
ID_1118072192376475648,due
ID_1118080078997610496,None
ID_1167488544132292608,","
ID_1167508711763582976,motor speedway
ID_1167512265576374272,.
ID_1167513247337123840,bay late
ID_1167519954792570880,None
ID_1167523469715746816,area
ID_1167523726482706432,is
ID_1167532405831323648,and
ID_1167532707083145216,as
ID_1167533810810048512,.
ID_1167542567145222144,with
ID_1167545583768199168,nursing
ID_1167554437424058368,None
ID_1167555857187594240,",; ##s"
ID_1167557171200106496,None
ID_1167562217652457472,None
ID_1167562451593945088,carolina ahead; .
ID_1167577360255934464,sp
ID_1167578672192196608,wednesday
ID_1167591166923235328,orleans .
ID_1167612406723489792,air
ID_1167634666607845376,brace
ID_1167646821050716160,in
ID_1167658207319187456,None
ID_1167667075504070656,None
ID_1167671819278663680,beach county residents
ID_1167679869888737280,has
ID_1167720918380158976,None
ID_1167743291967696896,!
ID_1167761487873622016,coast
ID_1167778641901686784,to
ID_1167782703074336768,##eva; to
ID_1167795696889716736,None
ID_1167809855517843456,home
ID_1167816141860999168,in; ##s
ID_1167820406444777472,##s
ID_1167820655724830720,that
ID_1167820820900655104,None
ID_1167820950794055680,in
ID_1167831514350071808,carolina ahead
ID_1167841278899445760,carolina is; carol ##inian
ID_1167841620814913536,None
ID_1167844534321057792,and
ID_1167847078313308160,beach is
ID_1167852157758050304,beach county officials
ID_1167853856501456896,.
ID_1167854227026305024,baha
ID_1167865772011487232,None
ID_1167874946372001792,None
ID_1167879435514609664,have
ID_1167880853436788736,"states ,"
ID_1167900216076337152,motor
ID_1167900927912579072,None
ID_1167915700154798080,carol ##inian ##s
ID_1167921412763316224,##ard
ID_1167921452403679232,wildlife
ID_1167948325640757248,",; ##ard"
ID_1167962033284878336,as
ID_1167983948544086016,.
ID_1168023513405501440,None
ID_1168035707362762752,None
ID_1168089941949198336,beach county .
ID_1168155039522836480,carolina .
ID_1168155291264999424,beach county is
ID_1168157016436682752,island and
ID_1168165608946618368,beach county is
ID_1168176931688370176,None
ID_1168178071679225856,people
ID_1168178492242051072,as
ID_1168179084242767872,.
ID_1168186550460526592,","
ID_1168187003470565376,.
ID_1168196142057840640,carolina to
ID_1168206089051168768,with; in
ID_1168206177630662656,mo
ID_1168210555741454336,##s
ID_1168216728825999360,baha
ID_1168219670089854976,west
ID_1168221206748831744,will
ID_1168221534449799168,experiencing
ID_1168223751831511040,right
ID_1168225146479550464,.
ID_1168226572869996544,None
ID_1168226718294953984,None
ID_1168231045331918848,.
ID_1168234754124259328,lucie county .
ID_1168237477951352832,##co and
ID_1168241812013821952,","
ID_1168244733283643392,None
ID_1168245092659945472,None
ID_1168248093776719872,st .
ID_1168250785777500160,gov
ID_1168252185198510080,preparing
ID_1168254792961011712,None
ID_1168261400721887232,None
ID_1168262856682430464,None
ID_1168264609347842048,None
ID_1168266419856740352,will
ID_1168266468947046400,##mmel
ID_1168267909313024000,inlet; ##bre
ID_1168268312914083840,county map
ID_1168269583683215360,None
ID_1168270671744577536,for
ID_1168270875218591744,None
ID_1168271111546646528,None
ID_1168272397499285504,.
ID_1168273448931667968,as
ID_1168273787470700544,None
ID_1168275085599412224,hurricane; although; coast
ID_1168276279092604928,None
ID_1168277611752984576,called
ID_1168279022008225792,None
ID_1168283025274261504,None
ID_1168288535344046080,.
ID_1168292429071638528,None
ID_1168292900318470144,"##eva; ,"
ID_1168295030513123328,"carolina ,"
ID_1168298225683640320,carolina coast
ID_1168298868808667136,.
ID_1168300353067945984,","
ID_1168300495351484416,county orders
ID_1168301738048180224,n
ID_1168303773258637312,None
ID_1168307608995999744,from
ID_1168307887766233088,.
ID_1168311165534916608,have; have
ID_1168313098823962624,has; turnpike; state
ID_1168314820690620416,county
ID_1168317253533782016,None
ID_1168319364266807296,island
ID_1168319748502953984,carolina coast; will
ID_1168324479673499648,None
ID_1168325238788120576,red
ID_1168330161592381440,.
ID_1168332557072654336,.
ID_1168334604811612160,death
ID_1168334779051364352,","
ID_1168339532913287168,is
ID_1168342447048536064,coast
ID_1168345486836883456,None
ID_1168345614029115392,counties
ID_1168346559634976768,None
ID_1168347406586568704,##s
ID_1168349194882600960,animal
ID_1168350329974546432,None
ID_1168361131494260736,landfall; carolina finish
ID_1168376879708901376,carolina and
ID_1168377962548346880,. counties to
ID_1168384810529636352,None
ID_1168386123267268608,baha
ID_1168394270010740736,None
ID_1168400126957821952,None
ID_1168405332680482816,updates
ID_1176464580639375360,None
ID_1176465104608608256,None
ID_1176465435761487872,None
ID_1176466808397844480,None
ID_1176467618670219264,None
ID_1176468264387584000,None
ID_1176469959146389504,None
ID_1176470972867731456,None
ID_1176471143701733376,None
ID_1176471641632792576,None
ID_1176472118671925248,None
ID_1176472386025209856,None
ID_1176472570243231744,","
ID_1176473212630294528,None
ID_1176473503207428096,None
ID_1176473591589888000,really
ID_1176474120839675904,None
ID_1176474254075944960,None
ID_1176475678784610304,None
ID_1176476154473177088,None
ID_1176476178187730944,None
ID_1176476774437478400,None
ID_1176479567323762688,None
ID_1176479699951857664,None
ID_1176479908316553216,None
ID_1176479940600053760,None
ID_1176480165251166208,None
ID_1176481382287233024,None
ID_1176481550399082496,None
ID_1176482362886168576,None
ID_1176482458654662656,None
ID_1176482862117396480,None
ID_1176484605303689216,.
ID_1176484786166218752,##ad
ID_1176484850217435136,None
ID_1176485968314085376,None
ID_1176486351371300864,None
ID_1176486406803341312,None
ID_1176486526185824256,None
ID_1176486605265231872,None
ID_1176487329336365056,None
ID_1176487696337985536,None
ID_1176489674203893760,None
ID_1176490089247051776,None
ID_1176490228762255360,##tlan
ID_1176491441406783488,None
ID_1176491533769613312,None
ID_1176492449847566336,None
ID_1176492830707113984,None
ID_1176492871916097536,None
ID_1176495012839923712,None
ID_1176495974153367552,None
ID_1176495977886289920,None
ID_1176496065736060928,None
ID_1176496111613284352,None
ID_1176497120301461504,None
ID_1176497522098999296,None
ID_1176497973175472128,army
ID_1176498388491280384,None
ID_1176499809248829440,None
ID_1176499983958380544,None
ID_1176500198958407680,update
ID_1176501926273474560,None
ID_1176502094205001728,to
ID_1176502445050085376,None
ID_1176502894662750208,None
ID_1176503793208451072,None
ID_1176504808515211264,None
ID_1176508068605177856,eight
ID_1176509524510957568,None
ID_1176510115920384000,None
ID_1176513833629900800,None
ID_1176514521172779008,None
ID_1176515451544887296,None
ID_1176516943995711488,None
ID_1176517234547671040,None
ID_1176519911113445376,None
ID_1176520718164602880,None
ID_1176525641744863232,None
ID_1176527930110939136,None
ID_1176530698536194048,None
ID_1176531574617231360,None
ID_1176534453692354560,None
ID_1176535986408480768,None
ID_1176538514818764800,None
ID_1176538625733009408,None
ID_1176541098233253888,None
ID_1176541264604467200,None
ID_1176542016647454720,None
ID_1176545290301661184,None
ID_1176553601881255936,None
ID_1176556910490857472,None
ID_1176562544804343808,##tlan
ID_1176564559768903680,None
ID_1176564965685235712,None
ID_1176567364617408512,also
ID_1176569692078727168,None
ID_1176569918294233088,None
ID_1176584966467129344,None
ID_1176606961858531328,None
ID_1176613691921436672,None
ID_1176632926668300288,None
ID_1176644490095931392,None
ID_1176670163976036352,None
ID_1176695999240298496,army
ID_1176716320395681792,None
ID_1176733288414810112,None
ID_1176754112647639040,None
ID_1176756450627948544,None
ID_1176761141508358144,None
ID_1176762086929702912,has
ID_1176781302386892800,None
ID_1176800515293929472,None
ID_1176805907889631232,None
ID_1176807258379784192,None
ID_1176807926016573440,None
ID_1176808655330693120,None
ID_1176859212422557696,and; rose
ID_1176882557117444096,None
ID_1177033433882775552,None
ID_1177100452154003456,None
ID_1177110959388811264,None
ID_1177137369562193920,None
ID_1177141832431652864,None
ID_1177146978431422464,None
ID_1177153282323755008,None
ID_1177156754829926400,None
ID_721565577505030144,None
ID_721565833814786048,resident
ID_721567194199379968,tsunami; near
ID_721575488234340352,##dern; .
ID_721580577590104064,at; ##s
ID_721580578454114304,##s
ID_721586058446708736,after
ID_721591304518516736,None
ID_721592550277136384,None
ID_721598092223455232,quake
ID_721601004223995904,None
ID_721603644110606336,.
ID_721607697955577856,None
ID_721609010319855616,death
ID_721609916306337792,coast
ID_721611494438383616,None
ID_721626605907537920,earthquake
ID_721637852384079872,after
ID_721639476322254848,hit
ID_721656918398271488,None
ID_721658218020257792,dozens
ID_721662202625699840,h
ID_721664703899037696,earthquake
ID_721670356986163200,has; ##ω
ID_721674059902226432,?
ID_721674560689545216,##s
ID_721686781566066688,","
ID_721699078216814592,after
ID_721716600970338304,##s; ##dern; is
ID_721721790851117056,earthquake
ID_721721874078687232,killed
ID_721723314180399104,quake
ID_721724140043026432,None
ID_721730216876457984,vice
ID_721730332970590208,None
ID_721730548662693888,saturday
ID_721731680793452544,earthquake
ID_721731697448992768,palestinian
ID_721733589646217216,None
ID_721735231372308480,earthquake
ID_721735475711590400,earthquake
ID_721736610769989632,earthquake
ID_721737677951868928,earthquake
ID_721737967652495360,rises
ID_721738261337632768,None
ID_721739973511098368,earthquake
ID_721740372301516800,apr
ID_721741889993486336,",; ##s"
ID_721743666419802112,says
ID_721746548313497600,"##bi; ,"
ID_721751500494618624,needs
ID_721751556685742080,","
ID_721754752766316544,volunteers; are
ID_721754760299216896,None
ID_721755476908748800,None
ID_721755895416373248,","
ID_721757200855736320,earthquake
ID_721759369814126592,None
ID_721765760465530880,##s
ID_721767225456074752,None
ID_721769539353055232,earthquake
ID_721776652368396288,earthquake
ID_721783038967947264,quake
ID_721787439426248704,None
ID_721788455001264128,earthquake
ID_721790409471438848,None
ID_721793843960483840,None
ID_721797026040705024,kills
ID_721802440253812736,needs; ##bi
ID_721803310001291264,None
ID_721807777409187840,.
ID_721811859125452800,and
ID_721816031233056768,None
ID_721816528321134592,None
ID_721823078033006592,##s
ID_721825995964215296,None
ID_721831545594605568,kills
ID_721832188313006080,earthquake
ID_721834810298273792,None
ID_721835800334364672,earthquake
ID_721839953605308416,at
ID_721843731222118400,has
ID_721848914299731968,.
ID_721853537848700928,after; ##s; coast
ID_721855433741307904,None
ID_721859000694894592,can; both
ID_721862399788204032,None
ID_721865974585106432,None
ID_721866807267692544,needs
ID_721881890211409920,earthquake
ID_721893287435640832,earthquake
ID_721897438785703936,None
ID_721899198795423744,rises
ID_721899379758653440,earthquake
ID_721900388677320704,sends; in; reports
ID_721908490193801216,##s
ID_721909412483481600,##s
ID_721912881000935424,quake
ID_721914998780465152,earthquake
ID_721915382399954944,as
ID_721928184963407872,"rescue; ,"
ID_721934554005680128,president
ID_721937250490195968,president
ID_721938930258616320,earthquake
ID_721944291657052160,quake
ID_721945569619345408,travel
ID_721947100741836800,earthquake
ID_721959342895972352,.
ID_721966156018356224,values
ID_721977459751694336,quake
ID_721986698612056064,aerial
ID_721991081785749504,None
ID_721992087604895744,None
ID_721995551588360192,earthquake
ID_722003952066105344,earthquake
ID_722006347617853440,earthquake
ID_722006861566881792,earthquake
ID_722016165057273856,##ian; is
ID_722026959350407168,earthquake
ID_722029263365365760,unicef
ID_722041257439141888,last
ID_722052315402924032,ap
ID_722054652909481984,.
ID_722055497675710464,has
ID_722064140047642624,by
ID_722065372300623872,earthquake
ID_722067979098275840,is
ID_722069206947205120,##s
ID_722069227985858560,earthquake
ID_722073657816805376,raises
ID_722074696259354624,sending
ID_722076487504044032,##s
ID_722076692815224832,ω
ID_722080176239177728,francisco awake
ID_722082870513246208,was
ID_722083026335694848,quake
ID_722084910874419200,was
ID_722086510057635840,None
ID_722087531576193024,","
ID_722089531269332992,via
ID_722089931976278016,None
ID_722089934144872448,earthquake
ID_722093544853401600,has
ID_722093828958593024,None
ID_722093837212999680,a
ID_722094809809223680,quake; urgently
ID_722104290089771008,vice
ID_722105257283575808,earthquake
ID_722105444983050240,to
ID_722106660915953664,None
ID_722108559446573056,quake
ID_722109295941197824,None
ID_722110742846173184,.
ID_722114392389730304,needs
ID_722131977319657472,None
ID_722138373192855552,.
ID_722139827794264064,was
ID_722147510052106240,##s largest
ID_722151373765120000,.
ID_722152645494992896,faced
ID_722158806881296384,quake
ID_722163156638769152,united
ID_722167049502371840,francisco with
ID_722169502692208640,earthquake
ID_722171902047993856,.
ID_722173247970766848,None
ID_722177421693333504,None
ID_722179344865619968,and
ID_722182164549353472,##s
ID_722184211503968256,climbs
ID_722184216818163712,None
ID_722184997508116480,!
ID_722187646894751744,is
ID_722189377426890752,None
ID_722189633661116416,please
ID_722189731447074816,None
ID_722193375538061312,","
ID_722194026603155456,None
ID_722196312351981568,None
ID_722199500870258688,!
ID_722204384139087872,None
ID_722208196115505152,None
ID_722209456143130624,earthquake
ID_722209885958586368,quake
ID_728534356034084864,##ray eva
ID_728545128437194752,.
ID_728545222888689664,declares
ID_728562106291781632,wild
ID_728574181948928000,None
ID_728580648475234304,.; mc ##mur ##ray wild
ID_728597478946287616,wild; red
ID_728603599090024448,##mm
ID_728604991397584896,wild
ID_728606798282919936,liquor; wild
ID_728633408159666176,mc ##mur
ID_728633905411141632,None
ID_728644856575197184,None
ID_728649946929451008,mc ##mur
ID_728660948173475840,","
ID_728664651861368832,##ray wild
ID_728666393655185408,None
ID_728690215615750144,None
ID_728695688519946240,mc ##mur
ID_728699563972780032,","
ID_728700284952715264,government
ID_728705286467420160,". c . ,"
ID_728705357443293184,None
ID_728708563087052800,None
ID_728712517954965504,.
ID_728721733415403520,None
ID_728738932909875200,wild; bay fire
ID_728743840333504512,wild
ID_728746282903207936,mc ##mur ##ray eva
ID_728748365865869312,at
ID_728750739175051264,None
ID_728755141243899904,mc ##mur ##ray wild
ID_728764877641158656,red; mc ##mur
ID_728831267353956352,mc ##mur ##ray wild
ID_728857199296942080,None
ID_728870660508770304,None
ID_728923020564287488,.
ID_728935137342164992,mc ##mur
ID_728941728271470592,##ns; emergency; wild
ID_728954374429478912,!
ID_728954588473122816,.
ID_728959795106091008,permanently
ID_728988422052798464,wild
ID_729047443136872448,rescue
ID_729050159393312768,emergency; wild
ID_729064675539755008,lake; dry
ID_729076792619753472,canadian
ID_729089814411251712,","
ID_729091544645574656,None
ID_729096029241413632,##yama; ##yama
ID_729116765813276672,wild
ID_729143335475027968,None
ID_729163252756676608,of; raised
ID_729180270402801664,##s
ID_729266348153524224,wild
ID_729294441165426688,wild
ID_729325329475579904,boys; wild
ID_729334461762961408,wild; red
ID_729348394884337664,government
ID_729362464681250816,None
ID_729362804252151808,lost; was
ID_729365930233356288,wild; red
ID_729395859490779136,None
ID_729416698105872384,","
ID_729440732965113856,None
ID_729459551078993920,hasn
ID_729515648347418624,wild
ID_729527862068424704,","
ID_729547494003232768,##mu
ID_729621224184119296,mc ##mur
ID_729673285387079680,None
ID_729675825705029632,mc ##mur ##ray fires
ID_729686157110456320,playhouse; mc
ID_729686207840444416,##s
ID_729690413255168000,eva
ID_729699540656259072,officials
ID_729699605651304448,##mur ##ray wild
ID_729701173968699392,wild
ID_729713715667304448,climate
ID_729719745725882368,construction
ID_729723341439836160,wild
ID_729743392834347008,rv
ID_729754781435236352,mc ##mur ##ray wild
ID_729763766896873472,##mur ##ray wild
ID_729766853518741504,None
ID_729767761824583680,wild
ID_729778331529392128,mc ##mur ##ray
ID_729784848546725888,and; wild
ID_729791867664093184,wild
ID_729823911895048192,men; ##ont
ID_729828329189199872,None
ID_729839195921993728,None
ID_729867300640153600,mc ##mur ##ray wild
ID_729934254025547776,wild
ID_730002995329548288,##ray wild
ID_730018499955855360,##mur ##ray
ID_730020846811549696,wild
ID_730021938664366080,donate
ID_730043662713823232,mc ##mur ##ray wild
ID_730070590921433088,camps
ID_730093408145047552,mc ##mur ##ray
ID_730134759444189184,mc ##mur
ID_730202253848678400,wild
ID_730262455457210368,mc ##mur ##ray to
ID_730400470200659968,None
ID_730464599670194176,red
ID_730483043140538368,mc ##mur; posts
ID_730492634125500416,mc ##mur ##ray wild
ID_730529189648982016,None
ID_730664621653278720,##s
ID_730812243760316416,mc ##mur ##ray national
ID_730818270765428736,##ni
ID_730823466228703232,wild
ID_730834506320515072,law
ID_730850931315740672,wild
ID_730868410763116544,red; wild
ID_730881404834353152,mc ##mur ##ray; thanks
ID_731278144645124096,wild
ID_731309824298909696,None
ID_731336191140724736,mc ##mur ##ray today
ID_731361386756902912,mc ##mur ##ray eva
ID_731455959843917824,None
ID_731512686547243008,bar
ID_731538620616597504,mc ##mur ##ray; fort
ID_731759683397136384,mc ##mur ##ray wild
ID_731907535662252032,mc ##mur ##ray wild
ID_731940469643587584,None
ID_732181515895967744,None
ID_732239833834229760,. c .
ID_732272605172924416,after
ID_732338744783560704,wild
ID_732356000921980928,mc ##mur ##ray wild
ID_732360095695310848,##mur
ID_732360851529682944,eva
ID_732361026604142592,mc ##mur ##ray wild
ID_732365979376713728,mc ##mur ##ray wild
ID_732466521314746368,wild
ID_732520107738583040,sands
ID_732527577760436224,wild
ID_732539811488235520,wild
ID_732556743641731072,evacuated
ID_732568497088172032,wild; mc ##mur
ID_732570782031740928,None
ID_732675961238355968,mc; mc
ID_732723401115107328,##ta
ID_732752772253265920,mc ##mur ##ray .; bay communities
ID_732765317005488128,##ta; mc ##mur
ID_732779448504836096,##s
ID_732937962015461376,##mur; wild
ID_732953920687874048,wild
ID_732991451093557248,journal
ID_733023048073383936,through
ID_733068250725142528,mc ##mur ##ray wild
ID_733078333563359232,. c .
ID_733352833580474368,None
ID_733413736686358528,wild
ID_733451122011181056,wild; environment
ID_733649652042637312,drops
ID_733688875529293824,. c . leaves
ID_733750628137066496,None
ID_733800539511619584,to
ID_733883217036468224,None
ID_733903030660173824,wild
ID_734175060903137280,government
ID_734393386589884416,government; cbc
ID_734515181896781824,mac eva
ID_734562552135450624,emergency
ID_734857889995755520,work
ID_734948198658105344,first
ID_735178846849404928,.
ID_735556905192427520,##ray
ID_735619028559880192,None
ID_735663278165229568,None
ID_735813403168608256,.
ID_735885139683639296,mc ##mur
ID_768468974854082560,None
ID_768469571326078976,##rata
ID_768472827527737344,None
ID_768483580813148160,##tric
ID_768501900178255872,None
ID_768505487461449728,at
ID_768507552468377600,None
ID_768518904952086528,None
ID_768520413760618496,None
ID_768541667381116928,earthquake
ID_768545980518109184,None
ID_768550888399114240,None
ID_768570891336839168,.
ID_768572711102738432,.
ID_768574297992470528,.
ID_768579987247013888,earthquake
ID_768699836170403840,None
ID_768700951989551104,None
ID_768706315564834816,None
ID_768718414772920320,None
ID_768720766976352256,","
ID_768721598274822144,None
ID_768730678112419840,with
ID_768755676420145152,None
ID_768769359959457792,quake
ID_768805608426471424,None
ID_768816590368411648,earthquake
ID_768818737172582400,None
ID_768851443117879296,None
ID_768879098470871040,None
ID_768921609147191296,##s
ID_768924405397352448,None
ID_769037002415235072,None
ID_769061028386701312,None
ID_769063505576296448,None
ID_769101911949713408,magnitude
ID_769108185303179264,earthquake
ID_769159788605370368,None
ID_769181207410204672,None
ID_769460209328717824,terre
ID_769515903469907968,None
ID_769596037417803776,None
ID_769910288481222656,angelo .
ID_769984880168042496,None
ID_771425241268498432,zealand a; ze
ID_771426001834303488,zealand after
ID_771427974704836608,last
ID_771429366626594816,##oma
ID_771430404196667392,some; ##oma
ID_771431391149957120,None
ID_771431680972165120,None
ID_771436436826443776,.
ID_771451745843027968,"zealand ,"
ID_771455644482187264,east; ##gs
ID_771455893074354176,None
ID_771457631328301056,None
ID_771469623921258496,zealand earthquake
ID_783383316888117248,at
ID_783385314555531264,None
ID_783388903676018688,None
ID_783393218792714240,None
ID_783394299031461888,with
ID_783395012260147200,None
ID_783398854959828992,carolina governor; ap
ID_783402679967977472,None
ID_783403166113013760,for
ID_783403211965292544,today
ID_783405633450180608,as
ID_783407098654699520,.
ID_783411018684854272,in
ID_783411606298296320,via
ID_783418713378844672,None
ID_783422604069654528,before
ID_783424296739831808,##s
ID_783426492952899584,!
ID_783429009401008128,via
ID_783429151529308160,104
ID_783430549062967296,carolina begins
ID_783431996794105856,if
ID_783436659949985792,as
ID_783438681621143552,.
ID_783453931410251776,needs
ID_783456690754682880,","
ID_783465212687052800,.
ID_783472997709471744,and; landfall
ID_783481455955423232,.
ID_783487635780173824,","
ID_783493456257687552,None
ID_783496257054633984,emergency
ID_783496748476030976,through
ID_783497536946470912,from
ID_783512857686179840,None
ID_783517570158714880,?
ID_783529112568795136,now; .
ID_783534531294920704,and; with
ID_783539813463027712,really
ID_783550843375218688,None
ID_783566165016739840,.
ID_783566922247905280,diego relief; cbs; diego cbs; diego ##hur
ID_783586053215051776,group
ID_783587286546079744,None
ID_783605256433393664,","
ID_783608502015053824,","
ID_783610563012231168,with
ID_783611689577148416,1
ID_783634879971852288,.
ID_783639547703808000,None
ID_783641994270760960,None
ID_783652917597315072,hurricane
ID_783662293066346496,None
ID_783668354452189184,was
ID_783670395010449408,facing
ID_783674490672717824,is
ID_783675917990232064,","
ID_783679719581573120,died; ##s
ID_783686318609936384,None
ID_783689643917242368,this
ID_783692167978086400,soon
ID_783693570704220160,None
ID_783693947558178816,from
ID_783699184025239552,None
ID_783701383249850368,None
ID_783702603204927488,as
ID_783702972199043072,being
ID_783703309186048000,and
ID_783704564859965440,and
ID_783707214271741952,","
ID_783725049995988992,ymca
ID_783733936279007232,pounded; began
ID_783734788502859776,please
ID_783735836160331776,mission
ID_783738443260108800,await
ID_783739988391268352,None
ID_783750156286042112,##s
ID_783750375169888256,None
ID_783752281992769536,struggled
ID_783758250680393728,hurricane
ID_783765099811049472,need
ID_783767782265593856,None
ID_783768304699703296,after
ID_783771836735782912,None
ID_783771967530885120,",; republic ,"
ID_783775873052717056,board
ID_783776844428484608,None
ID_783779269721874432,","
ID_783785407800565760,##au
ID_783786462432993280,None
ID_783788546222125056,",; need"
ID_783797367258570752,",; its"
ID_783801079901347840,.
ID_783820755280605184,widespread
ID_783824703278415872,None
ID_783826569538273280,ω
ID_783827456713121792,##gua
ID_783827506357014528,mob; after
ID_783830416419684352,u; after
ID_783831303544242176,and
ID_783831315149881344,","
ID_783832514565640192,emergency
ID_783833683459309568,bay
ID_783834022090674176,","
ID_783834163346497536,suffered
ID_783834801379782656,",; hurricane"
ID_783836362789097472,stock
ID_783839082648473600,matthew; .
ID_783845072802500608,","
ID_783849411302526976,caused
ID_783853828114440192,nbc
ID_783854988464365568,.
ID_783856367383646208,the
ID_783864451170611200,widespread
ID_783867719905058816,and; ref
ID_783870371887853568,None
ID_783872136800632832,None
ID_783875703443816448,None
ID_783881738858659840,struggling; hurricane
ID_783882565136490496,american
ID_783883956512968704,None
ID_783884906833121280,.
ID_783900032214806528,the
ID_783908261468647424,because
ID_783917160687104000,working
ID_783917851128188928,officials; observer
ID_783920880355127296,##s
ID_783923587971321856,starting
ID_783924572345266176,.
ID_783930991387762688,.
ID_783931318505701376,starting; .
ID_783932324325036032,None
ID_783937108683722752,.
ID_783938059586924544,None
ID_783939520081387520,official
ID_783940510268350464,mn
ID_783941693687013376,official
ID_783944326770372608,starting
ID_783966533525516288,via
ID_783970973305466880,since
ID_783984300681105408,hit
ID_783986178118692864,the; and
ID_783991683188948992,None
ID_783992995582468096,.
ID_783995382758051840,to
ID_783999699049209856,None
ID_784649065980190720,None
ID_784649348466380800,None
ID_784649359292002304,our
ID_784689314571485184,safe
ID_784696682344656896,los
ID_784697343807545344,death
ID_784697434656034816,None
ID_784697505946578944,storm
ID_784698801646817280,","
ID_797789706171711488,city
ID_797790246242897920,island and; island .
ID_797790250449784832,according
ID_797790695352254464,zealand if
ID_797791035795476480,None
ID_797791045593354240,region
ID_797791081735671808,None
ID_797791151688327168,zealand
ID_797791766954901504,hearing
ID_797792919960756224,tsunami
ID_797793237767319552,tsunami
ID_797794239488741376,None
ID_797794346410000384,earthquake
ID_797794696001159168,civil
ID_797794701445238784,zealand .
ID_797796800706904064,.
ID_797797038779838464,None
ID_797797510945193984,history
ID_797798574306140160,evacuation
ID_797800573663780864,None
ID_797800676545863680,.
ID_797801243921895424,##kou
ID_797801571794882560,zealand ##s
ID_797801806621351936,island
ID_797804567781965824,##t
ID_797805152040194048,##kou
ID_797805580299763712,None
ID_797808079400095744,tsunami
ID_797808377191600128,housing
ID_797811481383292928,"zealand ,"
ID_797812606857871360,None
ID_797813945411182592,zealand issues
ID_797813950289244160,zealand h
ID_797814695772073984,zealand ##s
ID_797815224212426752,None
ID_797818646005321728,city; region
ID_797822114732470272,university; opening
ID_797822223453040640,dc
ID_797825176960253952,None
ID_797827974523338752,zealand issues
ID_797833774197194752,zealand had
ID_797838581997981696,zealand including
ID_797846106688274432,zealand
ID_797846945255473152,zealand should
ID_797848229110910976,None
ID_797850667964469248,after
ID_797851086279147520,reports
ID_797851278864957440,zealand
ID_797856051949281280,##kou; ##s
ID_797857048520224768,zealand warned
ID_797859514766790656,None
ID_797859644165083136,zealand pm
ID_797861638271418368,zealand media; ##kou
ID_797865956789751808,coast
ID_797867002962423808,None
ID_797867144193024000,zealand state; .
ID_797869352150126592,zealand pm; herald
ID_797872279161966592,girls
ID_797873680407789568,zealand rocked
ID_797874752555626496,None
ID_797877792113201152,"zealand ,; earthquake"
ID_797878510425546752,zealand .
ID_797886327823810560,##au
ID_797891469562392576,has
ID_797891578484269056,office
ID_797891966046388224,quake
ID_797892470725971968,zealand ##s
ID_797901131439443968,None
ID_797904122494095360,cb
ID_797905177105678336,##kou; ##ro
ID_797905734864207872,None
ID_797906496453419008,##kou
ID_797907088324300800,zealand earthquake
ID_797911656806289408,"zealand ,"
ID_797930611390304256,island; island
ID_797930787202998272,zealand but; stuff
ID_797934809230155776,?
ID_797936719949545472,after
ID_797941166935154688,zealand roads
ID_797941433713848320,##kou
ID_797941957943173120,None
ID_797942129901256704,None
ID_797942677350141952,None
ID_797944165174652928,civil
ID_797956205998010368,after
ID_797962500784340992,zealand
ID_797964074873036800,central
ID_797964102433787904,ocean; zealand 6
ID_797966573294088192,so
ID_797967765424324608,earthquake
ID_797968377465610240,","
ID_797970705329463296,##ra; ##bank
ID_797974481138397184,None
ID_797979952880549888,##s
ID_797980725236613120,zealand ##s
ID_797981273834790912,"zealand ,"
ID_797985253272866816,zealand wide
ID_797988337768239104,zealand
ID_797991178259992576,zealand earthquake; island
ID_797992489441296384,##nas
ID_797994890483245056,##ra
ID_797999551693131776,zealand after
ID_798002317127655424,None
ID_798003886531317760,None
ID_798007105634508800,north
ID_798007786822979584,earthquake
ID_798013173076889600,river has
ID_798017047540047872,##df; island
ID_798017069799247872,last
ID_798031450100535296,zealand .
ID_798066848176574464,zealand
ID_798086210342092800,zealand earthquake; zealand has
ID_798092620526329856,##kou
ID_798107229924622336,zealand plans
ID_798176297470033920,zealand
ID_798185118800093184,None
ID_798282528327159808,##ra
ID_798308033478561792,##kou
ID_798331382355197952,None
ID_798338598151942144,zealand destroyed
ID_798348515864813568,tomorrow
ID_798358116513419264,##kou
ID_798410286394994688,##kou
ID_798412719963701248,None
ID_798414540883054592,##ra
ID_798415287901102080,announces
ID_798423960782303232,red
ID_798476044420272128,None
ID_798488400877658112,None
ID_798488445769220096,zealand earthquake
ID_798497925445939200,zealand issue
ID_798601798726496256,buildings
ID_798607684660436992,branch; ##kou
ID_798610347930193920,None
ID_798639915139362816,##ra
ID_798668870860976128,None
ID_798669237027938304,None
ID_798672082770898944,civil
ID_798674074805436416,city
ID_798713310149373952,##ra
ID_798727277794033664,zealand !
ID_798744524155748352,None
ID_798786733852631040,None
ID_798809755833634816,zealand is
ID_798863128469512192,None
ID_798946002463924224,zealand in
ID_800239650665177088,zealand .
ID_800442001984520192,None
ID_800495952419123200,##ra
ID_800516482870300672,None
ID_800523041264414720,island all
ID_800577888672063488,zealand
ID_800816642867412992,##ra
ID_800946260601511936,region
ID_869952624593915904,None
ID_869967624435900416,lanka ##s
ID_869984764933136384,lanka .
ID_870014188411916288,None
ID_870104744869732352,None
ID_870108126766395392,None
ID_870111913832833024,None
ID_870130826469679104,None
ID_870135696933109760,lanka al
ID_870142270552649728,None
ID_870177938620243968,lanka .
ID_870184188342829056,##lan
ID_870198877101727744,None
ID_870224110848102400,None
ID_870244098338377728,None
ID_870245570039996416,None
ID_870252738852139008,##10
ID_870259920695734272,donate
ID_870261679778562048,None
ID_870261750301642752,None
ID_870298761204912128,None
ID_870318925841551360,None
ID_870325729241726976,lanka death
ID_870395005386584064,None
ID_870528515803709440,None
ID_870533145472507904,None
ID_870535125099884544,lanka
ID_870559191844491264,None
ID_870561572938231808,floods
ID_870589078479134720,None
ID_870589481862258688,None
ID_870595597694148608,None
ID_870604344713936896,None
ID_870625024239120384,None
ID_870904365577453568,None
ID_870988094287302656,None
ID_871192926872899584,lanka where
ID_871208155463680000,None
ID_871231357741125632,None
ID_871273497481367552,None
ID_871403185881190400,None
ID_871425020181872640,lanka .
ID_871479652027555840,lanka through
ID_871650174073884672,##lu
ID_871726064531161088,lanka flood
ID_871807985353359360,lanka scouts
ID_871882191416041472,lanka flood
ID_872049578572492800,None
ID_872080126984339456,None
ID_872123507961942016,None
ID_872133448663683072,None
ID_872209745653923840,None
ID_872441330147876864,None
ID_872540655733624832,lanka
ID_872671646749827072,rescue
ID_872714386133090304,lanka flood
ID_872909214481432576,lanka flood
ID_873566303545696256,lanka
ID_873586632011788288,None
ID_873652760440438784,None
ID_873664210928009216,lanka
ID_873707759283437568,None
ID_873906773777895424,provides; ##s
ID_874152648911540224,lanka
ID_874872959437070336,None
ID_876024256894824448,None
ID_876316720109060096,None
ID_877124359478927360,None
ID_877452660626137088,None
ID_877645428031750144,None
ID_877838559696367616,lanka and
ID_878258879036915712,None
ID_878855642890596352,lanka flood
ID_878858722373709824,None
ID_901264485352173568,as
ID_901439076829736960,christi took
ID_901446617609515008,are
ID_901536107795501056,",; americans"
ID_901538257091145728,lau
ID_901560423484342272,area
ID_901572527897673728,coast
ID_901663091443818496,county
ID_901672131116670976,orleans
ID_901679860518707200,county until
ID_901693022366162944,coast
ID_901701358067359744,!
ID_901701369983373312,stay
ID_901705989971255296,until
ID_901717610995355648,##zo; until
ID_901733501686374400,None
ID_901734036468637696,in
ID_901746907382472704,None
ID_901747295267512320,","
ID_901751794400886784,bend state
ID_901764377904381952,this
ID_901771496930103296,None
ID_901772397967224832,71
ID_901783643626110976,bend and; counties
ID_901796888336375808,.
ID_901821632607469568,None
ID_901835436628344832,emergency
ID_901889596526559232,.
ID_901914327954927616,on
ID_902603886535426048,county
ID_902607052337532928,to
ID_902607141814591488,today
ID_902608309009752064,which
ID_902614026424856576,reservoirs
ID_902618026620719104,river; ##zo; county .
ID_902619697245372416,","
ID_902629843384328192,None
ID_902634637733892096,offers
ID_902638570363609088,None
ID_902638902065975296,.
ID_902646103060996096,770
ID_902646450861084672,None
ID_902646829090820096,from
ID_902648150166568960,eva
ID_902649278090313728,working
ID_902649306099920896,None
ID_902650531503529984,None
ID_902653367587147776,None
ID_902653444745547776,country
ID_902653690632314880,None
ID_902657588583682048,please
ID_902658787080900608,##ns
ID_902669182667542528,mega
ID_902694155897450496,looking
ID_902696015182012416,##town
ID_902718832749535232,None
ID_902743433902661632,None
ID_902851683251875840,None
ID_902852329392791552,None
ID_902854128006811648,county just
ID_902854719500161024,None
ID_902855149642686464,many
ID_902856788780892160,texas
ID_902857893858422784,None
ID_902864519705354240,to
ID_902866033454829568,officer
ID_902873470354292736,None
ID_902882494525136896,",; ,; hurricane"
ID_902885406911471616,mega
ID_902891297249353728,None
ID_902893863320346624,flooding
ID_902896785588457472,","
ID_902897278721163264,maid
ID_902903589617770496,.
ID_902904706284048384,schools
ID_902905277565067264,.
ID_902906600079294464,None
ID_903048427164065792,None
ID_903054148337324032,None
ID_903063146948157440,rescuing
ID_903352836628480000,the
ID_903360484409307136,None
ID_903379632719888384,##s
ID_903384893262102528,pleasant police; ##ury
ID_903391856565805056,","
ID_903398960383102976,##ang; to
ID_903401491351822336,","
ID_903435368481136640,pets
ID_903448042703114240,is
ID_903464198226796544,host
ID_903556196556193792,asa
ID_903575686409007104,are; .
ID_903576804048478208,.
ID_903581268767637504,homes; are
ID_903597712251248640,by
ID_903618920325709824,None
ID_903644050150051840,","
ID_903645855080697856,city
ID_903650683542540288,creek hurricane
ID_903665421794009088,in
ID_903668005132959744,##s
ID_903671064554811392,.; .
ID_903686490051530752,None
ID_903693952888471552,None
ID_903695569339781120,commercial
ID_903743703759630336,None
ID_903749751669231616,loaded
ID_903750786668224512,antonio child
ID_903756103644786688,capital
ID_903762039574749184,to
ID_905305610404679680,was
ID_905336132950478848,are
ID_905357568993705984,state is
ID_905511427523403776,asia
ID_905567685249040384,None
ID_905581884620521472,john
ID_905584194750824448,county until
ID_905600382096752640,to
ID_905642071976951808,##da literally
ID_905647905205248000,and
ID_905701097041530880,bar ##bu ##da pm
ID_905720595027042304,some
ID_905720731937505280,islands; await
ID_905720980219334656,brace; keys residents
ID_905721646010552320,caribbean island territories
ID_905721825182830592,due
ID_905728290463379456,"##la ,; ."
ID_905738580034772992,needs
ID_905744292056100864,prepares
ID_905755179550728192,islands; ##da
ID_905762138920275968,caribbean
ID_905886017336561664,mayor
ID_905886292097069056,None
ID_905886457679708160,governor
ID_905899198796660736,None
ID_905904770279452672,None
ID_905916654600810496,martin
ID_905999661068148736,##dad
ID_906111101888335872,islands so
ID_906133806238879744,in
ID_906134840369668096,islands interior
ID_906191970166497280,None
ID_906191991385534464,None
ID_906220850982084608,##dad
ID_906276034017976320,beach ocean
ID_906305526321090560,##tf
ID_906307402529742848,. martins famous
ID_906325352560992256,None
ID_906513539401175040,##ma
ID_906527405644423168,","
ID_906547230982602752,an
ID_906598076382629888,None
ID_906645137203367936,None
ID_906649751675961344,"lauderdale fl ,"
ID_906655372378820608,dade central
ID_906686673483730944,islands .
ID_906871868522680320,##dad
ID_906927865408708608,for
ID_907003765986938880,as
ID_907023638410403840,"rico ,"
ID_907073229235347456,beach county
ID_907100671064854528,international airport
ID_907119060629864448,with
ID_907201817431478272,residents
ID_907238801797292032,are
ID_907262817497227264,None
ID_907316260907732992,None
ID_907346915305639936,related
ID_907355309177532416,None
ID_907388848807731200,.
ID_907487411852034048,carolina as
ID_907492875092365312,.
ID_907579982368702464,and
ID_907629464707727360,shelter
ID_907637665025191936,None
ID_907705437843329024,","
ID_907744081044017152,##l; ##l
ID_907764745247133696,death
ID_907934034252095488,None
ID_907943716001808384,None
ID_907950919362514944,None
ID_907963502773592064,.
ID_907965199038205952,rises
ID_907967398615162880,.
ID_907972948878876672,during
ID_907987209634156544,county property
ID_907997789359149056,##a
ID_908001976843153408,free
ID_908012094741676032,hills
ID_908042636879114240,##lib
ID_908045879277473792,",; foster"
ID_908059354535911424,and
ID_908068144501149696,##ville center
ID_908114652898324480,maria island residents
ID_908125003035672576,##s
ID_908141266613018624,by
ID_908144776821788672,keys
ID_908144805124956160,None
ID_908226318130704384,nursing
ID_908231181447188480,None
ID_908245586540941312,are
ID_908267821532106752,keys estimates
ID_908276339744047104,##s
ID_908280335644884992,dade need
ID_908286792717266944,None
ID_908287460400091136,",; r"
ID_908320341612748800,None
ID_908326332785942528,None
ID_908355079337594880,None
ID_908361162034745344,to
ID_908375708006703104,as
ID_908383055752114176,keys here
ID_908389993642684416,. virgin
ID_908390933544173568,flood
ID_908393066268110848,None
ID_908439719364657152,##dad
ID_908463698749960192,None
ID_908489547922788352,caused
ID_908513569532256256,None
ID_908526969456779264,None
ID_908537585257021440,food
ID_908546892585242624,that
ID_908552168906428416,height
ID_908557563993645056,None
ID_908568831676657664,rise
ID_908590342718590976,residents; bay
ID_908624039530385408,keys from
ID_908626005253869568,islands a
ID_908630845878976512,None
ID_908632742790918144,?
ID_908672815490043904,None
ID_908695370577956864,##cca; sc till
ID_908721429801250816,. james christian
ID_908743518562242560,flood
ID_908754446540144640,shelters
ID_908789562196992000,still
ID_908793027883360256,.
ID_908812261787148288,.
ID_908815606102798336,if
ID_908815612926922752,county
ID_908836650276544512,first
ID_908844545219186688,None
ID_908847499980533760,but
ID_908850037928730624,my
ID_908925545370578944,##ma; ##das 300
ID_908931595297370112,","
ID_909082940793114624,key mt
ID_909141855018856448,governor
ID_909247223539666944,has
ID_909269271909470208,","
ID_909361189972361216,keys set
ID_909386454111068160,None
ID_909389858946285568,residents
ID_909419763306303488,None
ID_909420203947180032,. s . coast
ID_909424250536292352,.
ID_909430097664409600,None
ID_909431742171418624,assist
ID_909437890085756928,economy
ID_909455122094280704,arena is
ID_909456745436778496,##ard; beach counties
ID_909474156659359744,5
ID_909476952008003584,was; received
ID_909480086486777856,. s .; islands navy
ID_909503639580037120,None
ID_909537882028728320,##s
ID_909541990127345664,None
ID_909545688647720960,None
ID_909551842593558528,None
ID_910523497943666688,"city ,"
ID_910524709078470656,earthquake; report
ID_910524897218019328,city following
ID_910524918298591232,earthquake
ID_910531975483723776,"rico ,"
ID_910532334549704704,earthquake
ID_910532844056829952,.
ID_910533672247246848,city
ID_910534135734730752,"rico ,; virgin islands prior"
ID_910536681702354944,earthquake
ID_910538789969289216,city is
ID_910540620573192192,"juan ,; rico hurricane"
ID_910540869236699136,.
ID_910541145867829248,earthquake
ID_910542280683020288,have
ID_910542610330116096,another
ID_910543214997843968,##a follow
ID_910546095880540160,earthquake
ID_910546863207657472,city in; .
ID_910547294923231232,##s
ID_910551560752467968,due
ID_910554973594779648,by
ID_910555568917454848,.
ID_910558817225764864,city by
ID_910559290561359872,None
ID_910560031744999424,needs; but
ID_910560477733724160,city sees
ID_910560551784165376,earthquake; latest
ID_910562108907155456,"rico ,"
ID_910564868901658624,None
ID_910567505512431616,city have
ID_910567740817129472,after
ID_910570579715149824,city earthquake
ID_910571033580785664,via
ID_910571779361472512,earthquake
ID_910572599238782976,"city ,"
ID_910572946137247744,in
ID_910575552091885568,None
ID_910576028304715776,.
ID_910576832981950464,rico .
ID_910577892962324480,##s
ID_910579377859026944,city .
ID_910580252300029952,like; did; ?
ID_910580496630996992,"rico ,"
ID_910580874776842240,and
ID_910581559215960064,",; and"
ID_910582182040682496,earthquake
ID_910585374388445184,","
ID_910585646942642176,earthquake
ID_910610378391928832,death
ID_910611634120482816,via
ID_910614660629487616,city earthquake
ID_910615609800577024,rico
ID_910615962939932672,.
ID_910618672175157248,","
ID_910618681796829184,city school
ID_910619338855432192,earthquake
ID_910622111298863104,city 2d
ID_910622360541134848,earthquake; francisco
ID_910622361975582720,as
ID_910623766224310272,.; ##s
ID_910624637033357312,None
ID_910624918550835200,##s
ID_910626767106428928,". croix ,; islands"
ID_910626827940409344,earthquake
ID_910632954203738112,.
ID_910633234261696512,city earthquake
ID_910636552950132736,city has
ID_910638457768124416,##s
ID_910639318460280832,after
ID_910641165564706816,city after; 2d
ID_910643324175790080,"city ,"
ID_910643615914790912,city ##s
ID_910644412429955072,"city ,"
ID_910644973862653952,None
ID_910646772812333056,city distributing
ID_910646785814691840,"rico ,"
ID_910649843093086208,earthquake
ID_910657952176005120,earthquake
ID_910658234649681920,earthquake
ID_910671328818102272,turn
ID_910676529511792640,","
ID_910677524346159104,","
ID_910677987598647296,rico ##wo
ID_910680403014385664,tonight
ID_910680782947090432,rico .; rico .
ID_910680789699854336,to
ID_910681236477067264,city
ID_910681795225575424,and
ID_910687250467262464,you
ID_910687750537355264,rico has
ID_910688283100831744,None
ID_910689418134073344,rico is
ID_910689690453340160,earthquake
ID_910690177110220800,"rico ,"
ID_910691787307499520,earthquake
ID_910691947890614272,earthquake
ID_910693586085318656,". croix ,; . john st . thomas ,"
ID_910694043708993536,None
ID_910698815304413184,"city ,"
ID_910699219693985792,.
ID_910701306465148928,after
ID_910704638067867648,city earthquake
ID_910704653003714560,earthquake
ID_910705418350891008,city ##s
ID_910706558090252288,None
ID_910707718746513408,city earthquake
ID_910708636309213184,earthquake
ID_910708769247686656,top; earthquake
ID_910708972851683328,##s
ID_910709851503898624,was
ID_910711736222830592,is
ID_910713702969745408,city .
ID_910714693026701312,city school
ID_910715266723483648,None
ID_910717444628598784,earthquake
ID_910717644017303552,city primary
ID_910718009727209472,city earthquake
ID_910719187504394240,"juan ,; rico hurricane"
ID_910720128077189120,##s; 55; st
ID_910720771437215744,rico are
ID_910723415769862144,after
ID_910724659712212992,earthquake; report
ID_910724667131990016,##a after
ID_910725478390022144,city ##s
ID_910729984783855616,after
ID_910736438148419584,earthquake
ID_910736673025093632,"rico ,"
ID_910737929194037248,",; earthquake"
ID_910738575938822144,##s
ID_910740304797593600,None
ID_910741049957584896,earthquake
ID_910742534678351872,in; or
ID_910744990636224512,##s
ID_910746454515503104,city rises
ID_910747823250931712,city earthquake
ID_910752059556691968,earthquake
ID_910754444245118976,city includes
ID_910755189673517056,rico search
ID_910756559638036480,.
ID_910770903343972352,city sport; ##a
ID_910775500150382592,##s
ID_910778501430697984,earthquake
ID_910784890614009856,earthquake
ID_910785629633630208,earthquake
ID_910792764589305856,None
ID_910804426440372224,at
ID_910804634314399744,city
ID_910813014739230720,city galleries
ID_911549177523589120,rico is
ID_911554672804147200,rico has
ID_911567124799348736,rican ##ame
ID_911595133258178560,rico
ID_911597108872073216,None
ID_911621950547615744,None
ID_911624575049400320,after
ID_911629818671669248,islands .
ID_911634328215543808,None
ID_911638400175878144,september
ID_911645122353385472,rico was
ID_911646951581523968,rico ##s
ID_911656052181016576,None
ID_911656414556282880,earthquake
ID_911665054654750720,.
ID_911667199252758528,need
ID_911672687289913344,##rro
ID_911688751386112000,","
ID_911691054566531072,as
ID_911696373032062976,earthquake
ID_911701866970525696,rico could
ID_911702486695792640,leaving
ID_911705151932469248,city and
ID_911710108094226432,needs
ID_911713536342155264,rico and
ID_911717081422323712,##s
ID_911719248669507584,city earthquake
ID_911726497551065088,rico ##57
ID_911732116026679296,None
ID_911733512079855616,##s
ID_911735613782667264,None
ID_911742022079455232,earthquake
ID_911746243881312256,None
ID_911748493361811456,ω
ID_911757952213807104,None
ID_911774811143188480,city .
ID_911776987122929664,rico gets
ID_911784626691047424,.
ID_911828680078512128,city
ID_911831029748518912,relief
ID_911839965159575552,","
ID_911844617234059264,city you
ID_911873646775255040,kong asking
ID_911882316078813184,earthquake
ID_911913348517810176,rico 57
ID_911948067104067584,"rico ,"
ID_911951701766279168,None
ID_911961735149518848,rico ?
ID_911972113950609408,rico .
ID_911974703211978752,rico .
ID_911974830479757312,##sa
ID_911976353104265216,authorities; city .
ID_911996623315783680,None
ID_911999552613441536,city as
ID_912000594784681984,None
ID_912015291802103808,quake; ##s
ID_912065806669934592,None
ID_912078087868776448,"##a ,; rico dark"
ID_912078871461335040,.
ID_912086026968899584,","
ID_912087866137866240,juan ##s
ID_912088036229259264,earthquake
ID_912088578276159488,"city ,"
ID_912092660059508736,"city ,; september"
ID_912094772155822080,None
ID_912095234338754560,as
ID_912107520340238336,rico now
ID_912124173698211840,"##a ,; rico"
ID_912124233525944320,city collapsed
ID_912135344862126080,None
ID_912156867232653312,bakery
ID_912176893528592384,None
ID_912179849707503616,","
ID_912183268577071104,.
ID_912193322126585856,rico .
ID_912195797772517376,rico needs
ID_912196348958588928,rico after
ID_912206788841365504,##a
ID_912211328990797824,None
ID_912245728893915136,rico ##cr
ID_912247557224648704,##rri
ID_912264781536665600,"city ,; mexico"
ID_912267672372629504,rico is
ID_912272394974265344,rico ?
ID_912276871949180928,.
ID_912277165386768384,rico
ID_912278933202227200,None
ID_912287091026997248,None
ID_912287962666332160,rico with
ID_912293738076164096,None
ID_912297841896325120,.
ID_912299307050573824,##no
ID_912299591097298944,rico for
ID_912313500831281152,rico ##s
ID_912314490351431680,None
ID_912314925858488320,rico ##s
ID_912317963285475328,##tera
ID_912320518765858816,None
ID_912322799037042688,quake
ID_912323224083615744,.
ID_912326672807899136,.; city .
ID_912332102280114176,"##a ,"
ID_912334268273168384,"rico ,"
ID_912334768192262144,##s
ID_912354634265616384,None
ID_912356979238203392,rico today
ID_912361186313801728,None
ID_912362540612558848,is
ID_912363705521905664,##s
ID_912364624426672128,None
ID_912372419733618688,rico when
ID_912375775835377664,rico .
ID_912376284365369344,None
ID_912381942368165888,None
ID_912402924575305728,"rico ,"
ID_912403188237651968,None
ID_912403360581595136,rico blood
ID_912418902910566400,rico do
ID_912424911930630144,in
ID_912425509216063488,rico is
ID_912426717888892928,.
ID_912432135352537088,None
ID_912445527781806080,##s
ID_912452702189375488,earthquake
ID_912456273249079296,vegas; ##ric
ID_912457559772209152,None
ID_912461989087236096,rico
ID_912463081447608320,None
ID_912466561449037824,None
ID_912950828239122432,have
ID_912963737363021824,",; where"
ID_912970229470388224,rico in
ID_912980965659693056,rico to
ID_912992935255396352,##a hurricane
ID_912994342930849792,city office
ID_912999826438152192,substantial
ID_913000732479107072,rico who
ID_913011290012037120,None
ID_913011423290195968,rico so
ID_913026275526180864,None
ID_913026646462083072,sent; after; after
ID_913033759397642240,city after
ID_913050856240672768,earthquake
ID_913053124277018624,rico has
ID_913059002862505984,rico .
ID_913063568232243200,rico 12
ID_913089233455390720,rico ?
ID_913090075776491520,None
ID_913098221307727872,##s w
ID_913104301089734656,and
ID_913108721500327936,None
ID_913117876982370304,##s
ID_913129065317466112,virgin islands need
ID_913129390547931136,None
ID_913131705074114560,##o; relief
ID_913135557441675264,earthquake
ID_913143482356785152,##s
ID_913149049624244224,rico ##s
ID_913178966827130880,rico faces
ID_913186608794492928,rican bakery; .
ID_913187481054523392,rico this
ID_913190717391904768,rico
ID_913202569949974528,via
ID_913214803048415232,None
ID_913225453741248512,rico staff
ID_913227237398376448,rico as
ID_913232498498383872,city a
ID_913236331374903296,rico need
ID_913239991001563136,an
ID_913242333663113216,##s
ID_913243861430013952,in
ID_913250562740600832,rico show
ID_913267317659668480,carolina beaches
ID_913277745043578880,rico flooded
ID_913301681466740736,rico has
ID_913302215284191232,##los
ID_913332504374980608,city earthquake
ID_913335305041723392,.
ID_913341422836883456,None
ID_913356409919594496,city via
ID_913359867880067072,sends; after
ID_913364108992491520,citizens
ID_913366359194656768,rico devastated
ID_913386830183231488,from
ID_913398745563373568,None
ID_913413595131633664,None
ID_913422590282207232,##s
ID_913424297212948480,rico tip
ID_913458667625881600,city ##s
ID_913476297463971840,earthquake
ID_913479217047834624,earthquake
ID_913494883582615552,"city ,"
ID_913521562782797824,"city ,"
ID_913530733347532800,on
ID_913583959631687680,rico homeland
ID_913592859932217344,juan
ID_913607848789082112,fundraising; ##s
ID_913689770353717248,None
ID_913693807727783936,None
ID_913710782235516928,.; earthquake
ID_913790494009970688,rico .
ID_913803179778768896,rico hospital
ID_913810464685137920,rico native
ID_913817901613776896,earthquake
ID_913822449388711936,None
ID_913832438824136704,rico suffered
ID_913833895770120192,rico !
ID_913844147752194048,rico and
ID_913846824452149248,None
ID_913852993065439232,rico
ID_913854535298420736,None
ID_913878828841398272,rico and; earthquake
ID_913880080216182784,None
ID_913886194538307584,None
ID_913894924931801088,rico in
ID_913904413852487680,None
ID_913928659811135488,##bury; britain are
ID_913966482647785472,None
ID_913970828215189504,None
ID_913983536113139712,earthquake
ID_913985824328384512,rico ##s
ID_914124422088232960,rico ##s
ID_914142705227141120,None
ID_914154121061691392,rico after
ID_914154617084067840,rico supplies
ID_914178568611090432,##a my
ID_914190210728173568,rican brothers
ID_914191174285631488,None
ID_914199144960610304,##a rebuild
ID_914204473811177472,rico reports
ID_914205749013893120,None
ID_914207592683118592,rico after
ID_914221752225591296,None
ID_914226747268141056,rico .
ID_914240444040601600,rico .
ID_914245013235679232,artist; ω
ID_914251142724325376,rico .
ID_914329624015982592,earthquake
ID_914349312611627008,earthquake
ID_914462276073205760,None
ID_914482198409043968,rico need
ID_914494171125370880,"rico ,"
ID_914521240030908416,##a as
ID_914526459087265792,rico hurricane
ID_914532677591666688,None
ID_914537762342281216,rico need
ID_914538959048384512,","
ID_914553912623079424,"rico ,"
ID_914577936640040960,"virgin islands ,"
ID_914580314416123904,disaster
ID_914604759222505472,rico .
ID_914613591675932672,None
ID_914636426779664384,on
ID_914666000825634816,##ivar; city earthquake
ID_914736485391269888,rico ##s
ID_914761195172667392,None
ID_914839324566233088,rico back
ID_914839889178488832,this
ID_914846223735054336,rico in
ID_914847365739302912,to; rican ##s
ID_914853449023533056,None
ID_914884223567360000,rico to
ID_914896320233709568,by; ##port
ID_914900524956360704,hits
ID_914902758939033600,rico aid
ID_914921321070460928,None
ID_914960696646959104,rico communications
ID_914963388840767488,. s . customs
ID_914986320115593216,rico hasn
ID_914988875390619648,None
ID_914995385743167488,rico .
ID_915002992214110208,earthquake
ID_915017703055749120,ο
ID_915026957758328832,earthquake; be
ID_915253441726889984,city earthquake
ID_915971980859400192,##s; ##s
ID_916099144116191232,earthquake
